证券代码,证券简称,公司名称,到期日期
136343.SH,16泸工债,泸州市工业投资集团有限公司,20210325
012100627.IB,21徐工SCP001,徐工集团工程机械有限公司,20210326
012100668.IB,21东航SCP003,中国东方航空集团有限公司,20210326
012100752.IB,21伊利实业SCP010,内蒙古伊利实业集团股份有限公司,20210326
118589.SZ,16袍工01,绍兴袍江工业区投资开发有限公司,20210328
118587.SZ,16道桥01,遵义道桥建设(集团)有限公司,20210329
1480172.IB,14启经营债01,启东市城市建设投资开发有限公司,20210404
101664024.IB,16重庆出版MTN001,重庆出版集团有限公司,20210407
012100593.IB,21福建漳州SCP001,福建漳州城投集团有限公司,20210409
012100693.IB,21中电信SCP003,中国电信股份有限公司,20210409
112373.SZ,16奥瑞金,奥瑞金科技股份有限公司,20210411
101800371.IB,18中化工MTN002,中国化工集团有限公司,20210412
101800374.IB,18金茂控股MTN001,中国金茂控股集团有限公司,20210412
101800384.IB,18普洛斯洛华MTN002,普洛斯中国控股有限公司,20210413
101800403.IB,18桂铁投MTN002,广西铁路投资集团有限公司,20210417
112682.SZ,18苏宁01,苏宁易购集团股份有限公司,20210419
112681.SZ,18恒逸02,恒逸石化股份有限公司,20210419
112383.SZ,16当代债,当代节能置业股份有限公司,20210420
136389.SH,16鲁商02,山东省商业集团有限公司,20210422
031900240.IB,19江西和济PPN001,江西和济投资有限公司,20210423
101659025.IB,16大连万达MTN002,大连万达商业管理集团股份有限公司,20210428
101800574.IB,18云城投MTN004,云南省城市建设投资集团有限公司,20210502
101800580.IB,18南玻MTN001,中国南玻集团股份有限公司,20210504
101800591.IB,18津城建MTN011A,天津城市基础设施建设投资集团有限公司,20210504
1822011.IB,18哈银租赁债01,哈银金融租赁有限责任公司,20210504
136417.SH,16万达02,大连万达商业管理集团股份有限公司,20210506
112697.SZ,18苏宁02,苏宁易购集团股份有限公司,20210509
101677002.IB,16綦江新城MTN001,重庆市綦江区东部新城开发建设有限公司,20210510
1480305.IB,14渝茶园债,重庆市茶园工业园区建设开发有限责任公司,20210520
101451018.IB,14滨建投MTN002,天津滨海新区建设投资集团有限公司,20210521
124768.SH,PR云城投,云南省城市建设投资集团有限公司,20210523
112395.SZ,16泰禾03,泰禾集团股份有限公司,20210525
012100715.IB,21复星医药SCP001,上海复星医药(集团)股份有限公司,20210527
101675004.IB,16临桂城投MTN001,桂林新城投资开发集团有限公司,20210601
012100674.IB,21苏州文旅SCP002,苏州文化旅游发展集团有限公司,20210605
031800326.IB,18漳州交运PPN001,漳州市交通发展集团有限公司,20210615
101800686.IB,18兖矿MTN008,兖矿集团有限公司,20210615
1480352.IB,14金桥棚改债,连云港市工业投资集团有限公司,20210619
124821.SH,PR百色投,广西百色开发投资集团有限公司,20210620
101662035.IB,16华靖资产MTN001,江苏华靖资产经营有限公司,20210620
118719.SZ,16云铁01,云南省铁路投资有限公司,20210623
031658023.IB,16兰州城投PPN002,兰州市城市发展投资有限公司,20210623
143643.SH,18联想02,联想控股股份有限公司,20210629
118694.SZ,16芦淞债,株洲新芦淞产业发展集团有限公司,20210630
136521.SH,16鸿坤01,北京鸿坤伟业房地产开发有限公司,20210708
118744.SZ,16靖投债,靖江市城投基础设施发展有限公司,20210708
112724.SZ,18万集01,万达集团股份有限公司,20210709
012100608.IB,21青岛城投SCP001,青岛城市建设投资(集团)有限责任公司,20210709
101655015.IB,16新世界MTN001,上海新世界(集团)有限公司,20210711
112733.SZ,18苏宁04,苏宁易购集团股份有限公司,20210717
136556.SH,16鸿坤02,北京鸿坤伟业房地产开发有限公司,20210718
101800770.IB,18鲁钢铁MTN001,山东钢铁集团有限公司,20210719
031672022.IB,16内江投控PPN001,内江投资控股集团有限公司,20210720
101658032.IB,16贵州高投MTN001,贵州高速投资集团有限公司,20210721
101658034.IB,16华强MTN002,深圳华强集团有限公司,20210722
136569.SH,16海亮03,海亮集团有限公司,20210722
012100579.IB,21常城建SCP002,常州市城市建设(集团)有限公司,20210725
112418.SZ,16中南02,江苏中南建设集团股份有限公司,20210727
012100559.IB,21鲁高速股SCP002,山东高速股份有限公司,20210804
136592.SH,16鄂稻01,湖北稻花香酒业股份有限公司,20210804
012100565.IB,21中石化SCP001,中国石油化工股份有限公司,20210804
101659045.IB,16湘轻盐MTN001,湖南省轻工盐业集团有限公司,20210805
042000335.IB,20阳煤CP012,阳泉煤业(集团)有限责任公司,20210806
012100625.IB,21江西交投SCP002,江西省交通投资集团有限责任公司,20210806
031800436.IB,18陕煤化PPN002,陕西煤业化工集团有限责任公司,20210806
012100591.IB,21东南国资SCP002,南京东南国资投资集团有限责任公司,20210807
042000336.IB,20山西文旅CP002,山西省文化旅游投资控股集团有限公司,20210807
031800442.IB,18浦口康居PPN005,南京浦口康居建设集团有限公司,20210810
101800867.IB,18汉江国资MTN003,汉江国有资本投资集团有限公司,20210810
112743.SZ,18苏宁05,苏宁易购集团股份有限公司,20210813
143749.SH,18云城01,云南省城市建设投资集团有限公司,20210815
101658036.IB,16广州万力MTN001,广州万力集团有限公司,20210818
012100633.IB,21浙江机场SCP001,浙江省机场集团有限公司,20210818
124915.SH,14宏桥02,山东宏桥新型材料有限公司,20210821
112432.SZ,16冀中02,冀中能源股份有限公司,20210822
012100669.IB,21广州地铁SCP001,广州地铁集团有限公司,20210823
042000359.IB,20深圳机场CP002,深圳市机场(集团)有限公司,20210824
136663.SH,16友阿02,湖南友谊阿波罗控股股份有限公司,20210824
101800943.IB,18如皋经开MTN003,如皋市经济贸易开发总公司,20210824
042000358.IB,20赣州城投CP002,赣州城市开发投资集团有限责任公司,20210824
012100719.IB,21锡产业SCP006,无锡产业发展集团有限公司,20210825
042000364.IB,20长电CP002,中国长江电力股份有限公司,20210826
042000367.IB,20鹰潭国控CP002,鹰潭市国有控股集团有限公司,20210826
031800510.IB,18河钢集PPN001,河钢集团有限公司,20210827
101800950.IB,18长发集团MTN003,长春市城市发展投资控股(集团)有限公司,20210827
101800957.IB,18如皋沿江MTN002,如皋沿江开发投资有限公司,20210827
136669.SH,16南山04,南山集团有限公司,20210829
136670.SH,16南山05,南山集团有限公司,20210829
101800984.IB,18顺鑫MTN001,北京顺鑫控股集团有限公司,20210831
042000378.IB,20新都香城CP001,成都市新都香城建设投资有限公司,20210831
101670002.IB,16桂铁投MTN001,广西铁路投资集团有限公司,20210901
101660037.IB,16青国投MTN001,青海省国有资产投资管理有限公司,20210902
101801004.IB,18长发集团MTN004,长春市城市发展投资控股(集团)有限公司,20210903
042000388.IB,20西安浐灞CP001,西安市浐灞河发展有限公司,20210904
136694.SH,16铁峰01,大同煤矿集团铁峰煤业有限公司,20210909
101801067.IB,18豫园商城MTN002,上海豫园旅游商城(集团)股份有限公司,20210913
101662066.IB,16江阴公MTN001,江阴市公有资产经营有限公司,20210920
042000417.IB,20内蒙电投CP002,内蒙古能源发电投资集团有限公司,20210925
101658057.IB,16武汉旅游MTN001,武汉旅游发展投资集团有限公司,20210926
101658056.IB,16蒙高路MTN001,内蒙古高等级公路建设开发有限责任公司,20210926
031800582.IB,18海淀国资PPN001,北京市海淀区国有资本经营管理中心,20210928
136739.SH,16通用02,中国通用技术(集团)控股有限责任公司,20210928
136744.SH,16祥源债,祥源控股集团有限责任公司,20210929
042000421.IB,20合川投资CP002,重庆市合川工业投资(集团)有限公司,20210929
124977.SH,14天瑞03,天瑞集团股份有限公司,20211016
101659060.IB,16苏沙钢MTN003,江苏沙钢集团有限公司,20211020
101658061.IB,16蒙高路MTN002,内蒙古高等级公路建设开发有限责任公司,20211020
101659062.IB,16湖南建工MTN002,湖南建工集团有限公司,20211021
112770.SZ,18阳城01,阳光城集团股份有限公司,20211022
101801189.IB,18兖州煤业MTN002,兖州煤业股份有限公司,20211023
101674014.IB,16株洲国投MTN001,株洲市国有资产投资控股集团有限公司,20211028
101801242.IB,18大同煤矿MTN008,大同煤矿集团有限责任公司,20211030
101801235.IB,18建投新能MTN002,河北建投新能源有限公司,20211030
101801244.IB,18大同煤矿MTN007,大同煤矿集团有限责任公司,20211031
012100505.IB,21伊犁财通SCP001,伊犁哈萨克自治州财通国有资产经营有限责任公司,20211031
1480552.IB,14岳阳惠临债,岳阳惠临投资发展有限公司,20211103
101662082.IB,16鲁宏桥MTN002,山东宏桥新型材料有限公司,20211104
012100631.IB,21中铝集SCP001,中国铝业集团有限公司,20211105
112474.SZ,16合泰01,合肥华泰集团股份有限公司,20211109
031800652.IB,18宁河西PPN002,南京市河西新城区国有资产经营控股(集团)有限责任公司,20211113
136823.SH,16南山07,南山集团有限公司,20211116
101675010.IB,16文投MTN001,文投控股股份有限公司,20211118
012100699.IB,21首钢SCP003,首钢集团有限公司,20211119
012100692.IB,21桂交投SCP003,广西交通投资集团有限公司,20211122
012100753.IB,21镇江城建SCP006,镇江城市建设产业集团有限公司,20211127
1180172.IB,11滁州城投债,滁州市城市建设投资有限公司,20211130
101801409.IB,18北辰实业MTN001,北京北辰实业股份有限公司,20211203
114800.SZ,20文蓝02,威海市文登区蓝海投资开发有限公司,20211205
112489.SZ,16嘉美债,嘉美食品包装(滁州)股份有限公司,20211208
143862.SH,18保集02,保集控股集团有限公司,20211210
101801479.IB,18天津港MTN001,天津港(集团)有限公司,20211213
122765.SH,11泛海02,中国泛海控股集团有限公司,20211213
101901721.IB,19均胜电子MTN001,宁波均胜电子股份有限公司,20211218
136886.SH,16南翔03,安徽省南翔贸易(集团)有限公司,20211219
101801560.IB,18中化工程MTN001,中国化学工程股份有限公司,20211228
136893.SH,17泰达债,天津泰达投资控股有限公司,20220120
032000073.IB,20阳煤PPN002,阳泉煤业(集团)有限责任公司,20220120
031900121.IB,19湘潭建设PPN001,湘潭县建设投资有限公司,20220130
042100074.IB,21盐城国投CP001,盐城市国有资产投资集团有限公司,20220208
042100084.IB,21萧山国资CP001,杭州萧山国有资产经营集团有限公司,20220226
101783002.IB,17西安高新MTN001,西安高新控股有限公司,20220227
031900168.IB,19淮北建投PPN001,淮北市建投控股集团有限公司,20220301
101769003.IB,17晋路桥MTN001,山西路桥建设集团有限公司,20220308
127111.SH,PR黔南投,黔南州投资有限公司,20220309
127120.SH,PR巴南债,重庆巴南经济园区建设实业有限公司,20220313
122724.SH,PR攀国02,攀枝花市国有投资(集团)有限责任公司,20220313
031900064.IB,19河钢集PPN001,河钢集团有限公司,20220315
101752008.IB,17新城控股MTN001,新城控股集团股份有限公司,20220316
155244.SH,19闽交02,福建省交通运输集团有限责任公司,20220318
101900357.IB,19武汉工业MTN001,武汉工业控股集团有限公司,20220320
124057.SH,PR汕城开,汕头市城市建设开发总公司,20220323
031900252.IB,19西安浐灞PPN001,西安市浐灞河发展有限公司,20220325
101900394.IB,19海国鑫泰MTN002,北京市海淀区国有资产投资集团有限公司,20220325
122616.SH,PR黔铁债,贵州铁路投资有限责任公司,20220327
101772003.IB,17京机电MTN001,北京京城机电控股有限责任公司,20220327
122679.SH,PR河套债,巴彦淖尔市河套水务集团有限公司,20220331
136360.SH,16富力04,广州富力地产股份有限公司,20220407
127159.SH,PR越投债,诸暨市越都投资发展有限公司,20220407
155288.SH,19成大01,辽宁成大股份有限公司,20220408
101753005.IB,17今世缘MTN001,今世缘集团有限公司,20220417
1580123.IB,15梅州金叶债,梅州市新金叶发展公司,20220422
031900362.IB,19汉当科PPN001,武汉当代科技产业集团股份有限公司,20220422
101900582.IB,19靖江港MTN001,靖江港口集团有限公司,20220422
101556009.IB,15津城建MTN001,天津城市基础设施建设投资集团有限公司,20220423
163777.SH,20津保Y3,天津保税区投资控股集团有限公司,20220424
101762029.IB,17淮南城投MTN001,淮南市城市建设投资有限责任公司,20220425
101900626.IB,19吉利MTN001,浙江吉利控股集团有限公司,20220426
127185.SH,PR绍城债,绍兴市城中村改造建设投资有限公司,20220427
143103.SH,17云投G1,云南省城市建设投资集团有限公司,20220428
127212.SH,PR黄城债,黄石市城市建设投资开发有限责任公司,20220429
127157.SH,PR石城投,石狮市城市建设有限公司,20220504
136329.SH,16国美03,国美电器有限公司,20220510
101900149.IB,19新海连MTN001,江苏新海连发展集团有限公司,20220515
101900717.IB,19乌高新MTN001,乌鲁木齐高新投资发展集团有限公司,20220516
114486.SZ,19新沂债,新沂市交通投资有限公司,20220523
101780003.IB,17幸福基业MTN001,华夏幸福基业股份有限公司,20220523
1580158.IB,15邯郸建投债,邯郸市建设投资集团有限公司,20220527
101900758.IB,19环球租赁MTN001,中国环球租赁有限公司,20220605
101900760.IB,19平煤化MTN004,中国平煤神马能源化工集团有限责任公司,20220605
101900766.IB,19山煤MTN001,山西煤炭进出口集团有限公司,20220606
101765001.IB,17乌城投MTN001,乌鲁木齐城市建设投资(集团)有限公司,20220609
101900802.IB,19沪纺织MTN001,上海纺织(集团)有限公司,20220617
155456.SH,19南山03,南山集团有限公司,20220618
114177.SZ,17远东二,远东国际融资租赁有限公司,20220619
155480.SH,G19天成1,华能天成融资租赁有限公司,20220620
101764013.IB,17焦作投资MTN001,焦作市投资集团有限公司,20220620
101755014.IB,17清远德晟MTN001,清远市德晟投资集团有限公司,20220622
031900526.IB,19淮安新城PPN004,淮安新城投资开发有限公司,20220626
031900538.IB,19下城投PPN001,杭州市下城区城市建设投资发展集团有限公司,20220705
122393.SH,15恒大03,恒大地产集团有限公司,20220708
101900908.IB,19津城建MTN006,天津城市基础设施建设投资集团有限公司,20220712
031763012.IB,17乌城投PPN001,乌鲁木齐城市建设投资(集团)有限公司,20220719
101900964.IB,19桂铁投MTN001,广西铁路投资集团有限公司,20220719
101773010.IB,17惠民建投MTN002,济宁市兖州区惠民城建投资有限公司,20220720
101763011.IB,17长发集团MTN002,长春市城市发展投资控股(集团)有限公司,20220724
1680304.IB,16金湖债,金湖县国有资产经营投资有限责任公司,20220726
112557.SZ,17冀中01,冀中能源股份有限公司,20220726
1580195.IB,15徐州新盛债,徐州市新盛投资控股集团有限公司,20220812
127249.SH,PR丽水债,丽水市城市建设发展有限公司,20220813
114544.SZ,19中金01,中天金融集团股份有限公司,20220816
101901103.IB,19怡亚通MTN002,深圳市怡亚通供应链股份有限公司,20220820
112570.SZ,17晨债01,山东晨鸣纸业集团股份有限公司,20220821
101901112.IB,19苏国泰MTN001,江苏国泰国际贸易有限公司,20220821
101901163.IB,19昆山创业MTN002,昆山创业控股集团有限公司,20220827
101901168.IB,19中化工MTN003,中国化工集团有限公司,20220828
143265.SH,17泰达02,天津泰达投资控股有限公司,20220830
1580214.IB,15江油债,江油鸿飞投资(集团)有限公司,20220902
031679011.IB,16淮北建投PPN002,淮北市建投控股集团有限公司,20220902
112585.SZ,17桂建01,广西建工集团有限责任公司,20220915
101773019.IB,17北辰实业MTN001,北京北辰实业股份有限公司,20220920
143210.SH,17合盛01,合盛硅业股份有限公司,20220922
127290.SH,PR伊国投,伊宁市国有资产投资经营(集团)有限责任公司,20220924
031763018.IB,17绵阳投资PPN001,绵阳市投资控股(集团)有限公司,20220927
101901344.IB,19七匹狼MTN001,福建七匹狼集团有限公司,20221015
031900783.IB,19汉当科PPN002,武汉当代科技产业集团股份有限公司,20221024
101775009.IB,17文投MTN001,文投控股股份有限公司,20221026
143896.SH,18新控05,新城控股集团股份有限公司,20221029
101901461.IB,19宿迁产业MTN001,宿迁产业发展集团有限公司,20221029
031780004.IB,17榆林城投PPN002,榆林市城市投资经营集团有限公司,20221101
101769001.IB,17桑德MTN001,启迪环境科技发展股份有限公司,20221101
127287.SH,PR芜新投,芜湖新马投资有限公司,20221104
155138.SH,19联想01,联想控股股份有限公司,20221105
101900053.IB,19南京钢铁MTN001,南京钢铁股份有限公司,20221108
1580259.IB,15河池债,河池市城市投资建设发展有限公司,20221113
101901559.IB,19吉安井开MTN002,吉安市井冈山开发区金庐陵经济发展有限公司,20221114
124056.SH,PR启国投,启东国有资产投资控股有限公司,20221120
101769025.IB,17晋路桥MTN002,山西路桥建设集团有限公司,20221129
163025.SH,19花样02,花样年集团(中国)有限公司,20221129
101900072.IB,19杭州日报MTN001,杭州日报报业集团有限公司,20221201
127095.SH,PR湘九债,湘潭九华经济建设投资有限公司,20221201
112498.SZ,17万集01,万达集团股份有限公司,20221204
031900088.IB,19孝感城投PPN002,孝感市城市建设投资公司,20221205
127323.SH,PR海资债,泰州海陵城市发展集团有限公司,20221214
175022.SH,20中瑞01,郑州中瑞实业集团有限公司,20221215
101901724.IB,19建德国资MTN001,建德市国有资产经营有限公司,20221220
127350.SH,PR浙滨债,浙江滨海新城开发投资有限公司,20221223
114641.SZ,19潍坊Y1,潍坊市城市建设发展投资集团有限公司,20221223
101901748.IB,19海淀国资MTN003,北京市海淀区国有资本经营管理中心,20221225
101764082.IB,17江北国资MTN002,南京大江北国资投资集团有限公司,20221229
124126.SH,PR柳城投,柳州市城市投资建设发展有限公司,20221231
102002362.IB,20中铁股MTN006,中国中铁股份有限公司,20221231
101800003.IB,18常城建MTN001,常州市城市建设(集团)有限公司,20230105
102000013.IB,20凤凰传媒MTN001,江苏凤凰出版传媒集团有限公司,20230107
149021.SZ,20恒大01,恒大地产集团有限公司,20230108
149019.SZ,20冀峰01,冀中能源峰峰集团有限公司,20230109
102000090.IB,20美凯龙MTN001,红星美凯龙家居集团股份有限公司,20230120
127374.SH,PR六盘水,六盘水市开发投资有限公司,20230120
101800081.IB,18海国鑫泰MTN001,北京市海淀区国有资产投资集团有限公司,20230201
102000107.IB,20宁夏国资MTN001,宁夏国有资本运营集团有限责任公司,20230205
102000140.IB,20苏沙钢MTN002,江苏沙钢集团有限公司,20230220
101800137.IB,18慈溪国资MTN001,慈溪市国有资产投资控股有限公司,20230302
102000234.IB,20新中泰MTN001,新疆中泰化学股份有限公司,20230305
102000281.IB,20海淀国资MTN001,北京市海淀区国有资本经营管理中心,20230306
1680082.IB,16建安债,建安投资控股集团有限公司,20230308
163259.SH,20红美01,红星美凯龙家居集团股份有限公司,20230310
032000051.IB,20景德城投PPN001,景德镇市城市建设投资集团有限责任公司,20230318
102000381.IB,20武夷投资MTN001,南平武夷新区投资开发集团有限公司,20230318
102000386.IB,20新投MTN001,新疆投资发展(集团)有限责任公司,20230318
127412.SH,PR鸠江债,芜湖市鸠江建设投资有限公司,20230321
127413.SH,PR皋交投,如皋市交通产业集团有限公司,20230323
102000449.IB,20娄底城投MTN001,娄底市城市发展集团有限公司,20230324
101800295.IB,18萧山钱江MTN002,杭州萧山钱江世纪城开发建设有限责任公司,20230326
102000496.IB,20长城科技MTN001,中国长城科技集团股份有限公司,20230326
102000513.IB,20光明房产MTN002,光明房地产集团股份有限公司,20230327
032000289.IB,20郴投集团PPN002,郴州市发展投资集团有限公司,20230327
101800327.IB,18常城建MTN003,常州市城市建设(集团)有限公司,20230329
127415.SH,PR三明交,三明市交通建设发展集团有限公司,20230329
136361.SH,16富力05,广州富力地产股份有限公司,20230407
127420.SH,PR渝开债,重庆经开区开发建设有限公司,20230413
102000631.IB,20粤珠江MTN002,广州珠江实业集团有限公司,20230413
1680157.IB,16仁怀城投债,仁怀市城市开发建设投资经营有限责任公司,20230414
102000728.IB,20大连万达MTN001,大连万达商业管理集团股份有限公司,20230417
122249.SH,13平煤债,平顶山天安煤业股份有限公司,20230417
143578.SH,18南山02,南山集团有限公司,20230419
1680206.IB,16渝迈瑞债,重庆迈瑞城市建设投资有限责任公司,20230421
102000788.IB,20驻马店投MTN001,驻马店市城乡建设投资集团有限公司,20230422
102000789.IB,20鞍钢MTN002,鞍山钢铁集团有限公司,20230424
101800462.IB,18上虞国资MTN001,绍兴市上虞区国有资本投资运营有限公司,20230424
102000820.IB,20中化工MTN009A,中国化工集团有限公司,20230424
031800291.IB,18新城控股PPN002,新城控股集团股份有限公司,20230427
101660041.IB,16龙城投资MTN001,太原市龙城发展投资集团有限公司,20230428
032000427.IB,20安阳投资PPN001,安阳投资集团有限公司,20230430
102000909.IB,20新奥控股MTN001,新奥控股投资股份有限公司,20230430
155406.SH,19恒大01,恒大地产集团有限公司,20230506
101800605.IB,18芜湖建设MTN001,芜湖市建设投资有限公司,20230507
032000447.IB,20漯河城投PPN001,漯河市城市投资控股集团有限公司,20230507
101800611.IB,18北部湾MTN001,广西北部湾国际港务集团有限公司,20230508
155404.SH,19富力01,广州富力地产股份有限公司,20230509
114473.SZ,19苏电03,苏宁电器集团有限公司,20230510
101800626.IB,18南通经开MTN002,南通经济技术开发区控股集团有限公司,20230516
1680243.IB,16湘乡城建债,湘乡市城市建设投资开发有限公司,20230518
101564014.IB,15青国投MTN001,青海省国有资产投资管理有限公司,20230521
112708.SZ,18国微01,紫光国芯微电子股份有限公司,20230521
1680244.IB,16浏阳城建债,浏阳市城市建设集团有限公司,20230524
102001069.IB,20晋煤MTN005,山西晋城无烟煤矿业集团有限责任公司,20230526
102001111.IB,20中节能MTN002,中国节能环保集团有限公司,20230601
102001114.IB,20大连万达MTN002,大连万达商业管理集团股份有限公司,20230603
114765.SZ,20金鑫01,淮安市金鑫投资有限公司,20230605
1680152.IB,16磁湖高新债01,黄石磁湖高新科技发展公司,20230608
155458.SH,19红美02,红星美凯龙家居集团股份有限公司,20230610
112721.SZ,18苏宁03,苏宁易购集团股份有限公司,20230615
032000554.IB,20榆林城投PPN001,榆林市城市投资经营集团有限公司,20230624
114506.SZ,19中南02,江苏中南建设集团股份有限公司,20230627
032000585.IB,20零陵城建PPN001,永州市零陵城建投资有限公司,20230629
102001298.IB,20江阴城投MTN001,江阴城市建设投资有限公司,20230630
1680276.IB,16岳云债01,岳阳市云溪区城市建设投资有限责任公司,20230708
102001344.IB,20大连万达MTN003,大连万达商业管理集团股份有限公司,20230710
136491.SH,16红美02,红星美凯龙家居集团股份有限公司,20230713
102001354.IB,20台州国资MTN001,台州市国有资本运营集团有限公司,20230714
102001221.IB,20阳煤MTN006,阳泉煤业(集团)有限责任公司,20230717
1680290.IB,16安顺国资债,安顺市国有资产管理有限公司,20230718
102001392.IB,20天宁建设MTN002,常州天宁建设发展集团有限公司,20230722
101800808.IB,18衡阳城投MTN003,衡阳市城市建设投资有限公司,20230726
1680202.IB,16万宝开投债02,娄底市万宝新区开发投资集团有限公司,20230801
101800833.IB,18镇海投资MTN001,宁波市镇海投资有限公司,20230803
101800843.IB,18合川城投MTN001,重庆市合川城市建设投资(集团)有限公司,20230806
102001468.IB,20红豆MTN002,红豆集团有限公司,20230806
102001474.IB,20潞安MTN005,山西潞安矿业(集团)有限责任公司,20230807
2022028.IB,20工银租赁债01,工银金融租赁有限公司,20230810
102001519.IB,20义乌国资MTN004,义乌市国有资本运营有限公司,20230813
102001518.IB,20新盛投资MTN001,扬州新盛投资发展有限公司,20230813
102001538.IB,20怡亚通MTN001,深圳市怡亚通供应链股份有限公司,20230814
102001536.IB,20厦港务MTN004,厦门港务控股集团有限公司,20230814
101800883.IB,18江岸国资MTN001,武汉市江岸国有资产经营管理有限责任公司,20230814
102001530.IB,20光明房产MTN003,光明房地产集团股份有限公司,20230814
143750.SH,18云城02,云南省城市建设投资集团有限公司,20230815
127450.SH,PR16晋城,福建省晋江城市建设投资开发集团有限责任公司,20230824
102001619.IB,20三明交建MTN001,三明市交通建设发展集团有限公司,20230826
102001639.IB,20南安市贸MTN001,南安市贸工农投资经营有限公司,20230826
1680191.IB,16渝新梁债,重庆新梁投资开发(集团)有限公司,20230826
102001674.IB,20中建八局MTN002,中国建筑第八工程局有限公司,20230828
1680346.IB,16大冶城投02,大冶市振恒城市发展投资有限公司,20230831
032000776.IB,20张家经投PPN001,张家界市经济发展投资集团有限公司,20230902
1680354.IB,16建安01,建安投资控股集团有限公司,20230905
1680350.IB,16湘乡双创债,湘乡市经济开发区建设投资开发有限公司,20230909
102001762.IB,20首机场股MTN001,北京首都国际机场股份有限公司,20230911
127458.SH,PR济市中,济宁市市中区城建投资有限公司,20230914
102001766.IB,20宿迁经开MTN001,宿迁市经济开发总公司,20230914
102001784.IB,20苏交通MTN005,江苏交通控股有限公司,20230916
032000811.IB,20黄石众邦PPN001,黄石市众邦城市住房投资有限公司,20230917
114767.SZ,20任城01,山东任城融鑫发展有限公司,20230918
101801106.IB,18豫能化MTN003,河南能源化工集团有限公司,20230920
102001802.IB,20晋煤MTN015,山西晋城无烟煤矿业集团有限责任公司,20230921
102001835.IB,20赣高速MTN003,江西省高速公路投资集团有限责任公司,20230925
102001905.IB,20新海连MTN002,江苏新海连发展集团有限公司,20231016
1680404.IB,16杭运河专项债,杭州市运河综合保护开发建设集团有限责任公司,20231017
112457.SZ,16魏桥05,山东魏桥铝电有限公司,20231017
114388.SZ,18阳煤02,阳泉煤业(集团)有限责任公司,20231019
102001916.IB,20荆楚文化MTN001,荆楚文化产业投资集团有限公司,20231019
102001947.IB,20浙交投MTN001,浙江省交通投资集团有限公司,20231021
102001982.IB,20长发集团MTN004,长春市城市发展投资控股(集团)有限公司,20231026
102002052.IB,20联发集MTN001,联发集团有限公司,20231102
102002048.IB,20长沙水业MTN001,长沙水业集团有限公司,20231102
102000043.IB,20申迪MTN001,上海申迪(集团)有限公司,20231103
102002066.IB,20汇金MTN010A,中央汇金投资有限责任公司,20231103
102000041.IB,20南京旅游MTN001,南京旅游集团有限责任公司,20231103
102000037.IB,20赣国资MTN001,江西省省属国有企业资产经营(控股)有限公司,20231103
101801280.IB,18谷财MTN003,北京市谷财集团有限公司,20231105
102002104.IB,20中交四局MTN001B,中交第四公路工程局有限公司,20231106
032000042.IB,20临海基投PPN001,临海市基础设施投资有限公司,20231106
102000077.IB,20凯盛科技MTN001,凯盛科技集团有限公司,20231107
127377.SH,PR黄冈债,黄冈市城市建设投资有限公司,20231108
1680003.IB,16新沂债,新沂市城市投资发展有限公司,20231109
032000068.IB,20沪世茂PPN001,上海世茂股份有限公司,20231109
102002133.IB,20盐城资产MTN001,盐城市城市资产经营有限公司,20231112
101801318.IB,18滨建投MTN001,天津滨海新区建设投资集团有限公司,20231115
1680430.IB,16东台国资债,东台市国有资产经营有限公司,20231116
112800.SZ,18苏宁07,苏宁易购集团股份有限公司,20231116
102002156.IB,20联发集MTN002,联发集团有限公司,20231117
2022050.IB,20洛银租赁债,洛银金融租赁股份有限公司,20231126
127384.SH,PR开福01,长沙开福城市建设投资有限公司,20231201
127388.SH,PR瓯专项,浙江瓯海城市建设投资集团有限公司,20231201
118470.SZ,16融地01,融创房地产集团有限公司,20231202
102002221.IB,20德泰MTN002,大连德泰控股有限公司,20231202
127380.SH,PR阿勒泰,阿勒泰地区国有资产投资经营有限公司,20231202
155060.SH,18联想03,联想控股股份有限公司,20231203
127386.SH,PR丹投资,丹阳投资集团有限公司,20231205
102002246.IB,20粤珠江MTN003,广州珠江实业集团有限公司,20231207
1680041.IB,16雨花城投债,长沙市雨花城市建设投资集团有限公司,20231208
102002266.IB,20冀交投MTN004,河北交通投资集团公司,20231209
102002265.IB,20晋江国资MTN004,晋江市国有资本投资运营有限责任公司,20231209
101801448.IB,18海尔金控MTN001,海尔集团(青岛)金融控股有限公司,20231210
102002298.IB,20川交投MTN002,四川省交通投资集团有限责任公司,20231215
102002312.IB,20信达地产MTN003,信达地产股份有限公司,20231217
114881.SZ,20任城04,山东任城融鑫发展有限公司,20231217
101801532.IB,18海淀国资MTN003,北京市海淀区国有资本经营管理中心,20231221
101900013.IB,19株国投MTN001,株洲市国有资产投资控股集团有限公司,20240108
031900134.IB,19华靖资产PPN001,江苏华靖资产经营有限公司,20240201
102100261.IB,21淮安开发MTN001,淮安开发控股有限公司,20240209
102100292.IB,21南电MTN001,中国南方电网有限责任公司,20240225
155194.SH,19泰达01,天津泰达投资控股有限公司,20240226
102100300.IB,21武金控MTN001,武汉金融控股(集团)有限公司,20240226
124575.SH,PR汕投资,汕头市投融资集团有限公司,20240304
143013.SH,17渝信02,同方国信投资控股有限公司,20240309
155251.SH,19湖州01,湖州市城市投资发展集团有限公司,20240321
101900405.IB,19常熟城投MTN001,常熟市城市经营投资有限公司,20240325
112882.SZ,19魏桥01,山东魏桥铝电有限公司,20240326
155305.SH,19禹洲02,厦门禹洲鸿图地产开发有限公司,20240403
127474.SH,PR三明国,三明市投资发展集团有限公司,20240417
1780040.IB,16营经开债02,营口经济技术开发区城市开发建设投资有限公司,20240419
101900556.IB,19渝文资MTN001,重庆市国有文化资产经营管理有限责任公司,20240419
124713.SH,PR黔铁投,贵州铁路投资有限责任公司,20240423
127489.SH,PR六交投,六盘水市交通投资开发有限责任公司,20240502
155407.SH,19恒大02,恒大地产集团有限公司,20240506
101900677.IB,19合川城投MTN001,重庆市合川城市建设投资(集团)有限公司,20240509
101900682.IB,19阜阳建投MTN001,阜阳市建设投资控股集团有限公司,20240509
101900727.IB,19武汉新港MTN001,武汉新港建设投资开发集团有限公司,20240523
101900769.IB,19新长宁MTN001,上海新长宁(集团)有限公司,20240606
155451.SH,19泰达02,天津泰达投资控股有限公司,20240610
1980185.IB,19亚迪绿色债01,比亚迪股份有限公司,20240614
124815.SH,14天瑞02,天瑞集团股份有限公司,20240625
101900864.IB,19淮南城投MTN003,淮南市城市建设投资有限责任公司,20240628
101900870.IB,19水发集团MTN001,水发集团有限公司,20240703
101901072.IB,19奉贤南桥MTN001,上海奉贤新城建设发展有限公司,20240815
127585.SH,17宝开01,宝应县开发投资有限公司,20240821
155638.SH,19包钢联,内蒙古包钢钢联股份有限公司,20240822
1680348.IB,16宜章养老债,宜章县兴宜建设投资有限责任公司,20240902
114564.SZ,19泰丰02,山东泰丰控股集团有限公司,20240904
127621.SH,17新宇01,毕节市七星关区新宇建设投资有限公司,20240908
101771010.IB,17宜兴城投MTN001,宜兴市城市发展投资有限公司,20240908
031900699.IB,19青岛财富PPN001,青岛全球财富中心开发建设有限公司,20240912
127629.SH,17黄岩02,台州市黄岩国有资本投资运营集团有限公司,20240914
127634.SH,17安顺债,安顺市城市建设投资有限责任公司,20240915
127654.SH,17温高新,温州高新技术产业开发区投资建设开发有限公司,20240918
155712.SH,19钢联03,内蒙古包钢钢联股份有限公司,20240920
127636.SH,17淮安债,淮安新城投资开发有限公司,20240920
127638.SH,17武隆01,重庆市武隆区建设投资(集团)有限公司,20240921
101901332.IB,19北辰科技MTN002,天津北辰科技园区总公司,20241008
101901335.IB,19黔铁投MTN002,贵州铁路投资有限责任公司,20241010
114579.SZ,19益阳01,益阳市城市建设投资运营集团有限责任公司,20241011
101901200.IB,19咸宁高新MTN001,咸宁高新投资集团有限公司,20241016
101901368.IB,19蚌埠城投MTN001,蚌埠市城市投资控股有限公司,20241018
102002022.IB,20阳光城MTN003,阳光城集团股份有限公司,20241028
127695.SH,17乐行债,安徽乐行城市建设集团有限公司,20241101
101900065.IB,19宜春城投MTN001,宜春市城市建设投资开发有限公司,20241108
101901571.IB,19陕煤化MTN005,陕西煤业化工集团有限责任公司,20241119
163013.SH,19平煤债,平顶山天安煤业股份有限公司,20241120
101900074.IB,19湘建工MTN001,湖南建工集团有限公司,20241201
101900859.IB,19綦江城投MTN001,重庆市綦江区城市建设投资有限公司,20241204
114910.SZ,21南国债,南国置业股份有限公司,20241206
031900096.IB,19丽水城建PPN001,丽水市城市建设发展有限公司,20241208
101901677.IB,19嘉兴国资MTN001,浙江嘉兴国有资本投资运营有限公司,20241211
101901694.IB,19湛江交投MTN001,湛江市交通投资集团有限公司,20241212
101901738.IB,19阜阳交投MTN002,阜阳交通能源投资有限公司,20241223
163138.SH,20宝龙01,上海宝龙实业发展(集团)有限公司,20250120
102000094.IB,20信阳华信MTN001,信阳华信投资集团有限责任公司,20250120
102000108.IB,20香城投资MTN001,成都香城投资集团有限公司,20250212
152396.SH,G20晋开,福建省晋江市工业园区开发建设有限公司,20250219
032000107.IB,20上饶国资PPN001,上饶市国有资产经营集团有限公司,20250220
102000212.IB,20渝富MTN001,重庆渝富控股集团有限公司,20250303
102000233.IB,20芜湖宜居MTN001,芜湖宜居投资(集团)有限公司,20250304
032000159.IB,20郴投集团PPN001,郴州市发展投资集团有限公司,20250305
114678.SZ,20川商02,四川省商业投资集团有限责任公司,20250310
102000302.IB,20包钢MTN001,内蒙古包钢钢联股份有限公司,20250311
102000336.IB,20衢州国资MTN001,衢州市国有资产经营有限公司,20250313
102000376.IB,20宣城国资MTN001,宣城市国有资产投资有限公司,20250317
102000400.IB,20江宁滨江MTN001,南京江宁滨江新城开发建设有限公司,20250319
031800141.IB,18怀化城投PPN001,怀化市城市建设投资有限公司,20250320
163266.SH,20湖州01,湖州市城市投资发展集团有限公司,20250320
114700.SZ,20临汾01,临汾市投资集团有限公司,20250327
102000548.IB,20建德国资MTN001,建德市国有资产经营有限公司,20250330
102000585.IB,20济宁高新MTN001,济宁高新城建投资有限公司,20250407
127789.SH,18陶都01,宜兴拓业实业有限公司,20250413
102000709.IB,20苏国信MTN006,江苏省国信集团有限公司,20250417
102000721.IB,20徐新国资MTN001,徐州市新城区国有资产经营有限责任公司,20250417
127791.SH,18温岭01,温岭市国有资产投资集团有限公司,20250419
102000750.IB,20南浦口MTN001,南京市浦口区国有资产投资经营有限公司,20250421
032000368.IB,20咸宁城投PPN001,咸宁市城市建设投资开发有限公司,20250422
143477.SH,18贵安01,贵安新区开发投资有限公司,20250426
102000906.IB,20随州城建MTN002,随州市城市建设综合开发投资有限公司,20250429
102000929.IB,20开封发投MTN001,开封市发展投资集团有限公司,20250430
102000907.IB,20泰安城乡MTN001,泰安泰山城乡建设发展有限公司,20250430
127779.SH,18巢城投,巢湖市城镇建设投资有限公司,20250503
102000961.IB,20贾汪城投MTN001,徐州市贾汪城市建设投资有限公司,20250508
102000947.IB,20临沂经开MTN001,临沂经济开发区城市建设投资有限公司,20250508
102001092.IB,20铜陵建投MTN001,铜陵市建设投资控股有限责任公司,20250527
102001206.IB,20空港兴城MTN001,成都空港兴城投资集团有限公司,20250618
163674.SH,20筑城01,贵阳市城市建设投资集团有限公司,20250623
101800055.IB,18株洲城建MTN001,株洲市城市建设发展集团有限公司,20250723
102001433.IB,20达州投资MTN001,达州市投资有限公司,20250730
102001446.IB,20陕有色MTN002,陕西有色金属控股集团有限责任公司,20250731
127843.SH,18新宇01,毕节市七星关区新宇建设投资有限公司,20250816
102001544.IB,20金融街资MTN001,北京金融街资本运营中心,20250817
102001593.IB,20诚通控股MTN001A,中国诚通控股集团有限公司,20250821
032000747.IB,20武侯资本PPN001,成都武侯资本投资管理集团有限公司,20250826
102001646.IB,20成华旧城MTN001,成都成华旧城改造投资有限责任公司,20250827
102001725.IB,20宿州城投MTN001,宿州市城市建设投资集团(控股)有限公司,20250903
127854.SH,18尖山01,海宁市尖山新区开发有限公司,20250910
032000823.IB,20新天投资PPN001,郴州市新天投资有限公司,20250923
032000852.IB,20柳州城投PPN002,柳州市城市投资建设发展有限公司,20250928
102001845.IB,20曲文控MTN001,西安曲江文化控股有限公司,20250928
102001722.IB,20滕州国资MTN002,滕州市城市国有资产经营有限公司,20250929
102001885.IB,20南通城建MTN002,南通城市建设集团有限公司,20251014
163094.SH,20江东01,江东控股集团有限责任公司,20251107
102002120.IB,20深能源MTN002,深圳能源集团股份有限公司,20251110
102002140.IB,20江宁经开MTN003,南京江宁经济技术开发总公司,20251113
102002204.IB,20广州城投MTN002,广州市城市建设投资集团有限公司,20251126
152016.SH,18水城债,贵州水城水务投资有限责任公司,20251127
102002209.IB,20蚌埠城投MTN001,蚌埠市城市投资控股有限公司,20251127
175430.SH,20栖建01,南京栖霞建设股份有限公司,20251204
102002241.IB,20青岛城投MTN004,青岛城市建设投资(集团)有限责任公司,20251207
102002272.IB,20广州城投MTN004,广州市城市建设投资集团有限公司,20251210
152037.SH,18海发01,江苏海州湾发展集团有限公司,20251213
114926.SZ,21株国02,株洲市国有资产投资控股集团有限公司,20260208
102100312.IB,21铁建房产MTN001,中国铁建房地产集团有限公司,20260302
152121.SH,19瓯经投,温州市瓯海经济开发区建设投资集团有限公司,20260311
152127.SH,19桐乡01,桐乡市工业发展投资有限公司,20260314
152154.SH,19冶高02,湖北大冶湖高新技术产业投资有限公司,20260401
152158.SH,19孟津债,洛阳盛世城市建设投资有限公司,20260411
101681003.IB,16芜湖宜居MTN001,芜湖宜居投资(集团)有限公司,20260429
152211.SH,19万年债,江西万年国有资源投资发展股份有限公司,20260603
152237.SH,19亳城建,亳州城建发展控股集团有限公司,20260729
1980264.IB,19国兴债02,浙江国兴投资集团有限公司,20260829
123064.SZ,万孚转债,广州万孚生物技术股份有限公司,20260901
123065.SZ,宝莱转债,广东宝莱特医用科技股份有限公司,20260904
128131.SZ,崇达转2,崇达技术股份有限公司,20260907
1980301.IB,19梁平园区债,重庆梁平工业园区建设开发有限责任公司,20261031
152313.SH,19郑住投,郑州公共住宅建设投资有限公司,20261031
114893.SZ,21城投01,广州市城投投资有限公司,20261102
128143.SZ,锋龙转债,浙江锋龙电气股份有限公司,20270108
152430.SH,G20桐乡,桐乡市振东新区建设投资有限公司,20270323
2080106.IB,20淮南城投绿色债,淮南市城市建设投资有限责任公司,20270423
2180047.IB,21富阳城投债01,杭州富阳城市建设投资集团有限公司,20280209
2180030.IB,21绍交专项债01,绍兴市交通投资集团有限公司,20280301
101800320.IB,18盐城资产MTN001,盐城市城市资产经营有限公司,20280329
2080227.IB,20兖矿债02,兖矿集团有限公司,20300828
